# generated by standalone/check-upstream-text.py, scanner 1
# file:line	class	string
src/frontend/sdl/menu.cpp:786	other	 
src/frontend/sdl/menu.cpp:788	other	 
src/frontend/sdl/menu.cpp:1309	other	 
src/frontend/sdl/menu.cpp:1322	other	 
src/frontend/sdl/menu.cpp:1504	other	 
src/frontend/sdl/menu.cpp:573	other	  
src/frontend/sdl/menu.cpp:606	other	  
src/frontend/sdl/menu.cpp:789	other	  
src/frontend/sdl/menu.cpp:1112	other	 >
src/frontend/sdl/menu.cpp:786	other	*
src/frontend/sdl/menu.cpp:786	other	-
src/frontend/sdl/menu.cpp:1109	other	--
src/frontend/sdl/menu.cpp:1254	other	--
src/frontend/sdl/menu.cpp:1255	other	--
src/frontend/sdl/menu.cpp:541	other	...
src/frontend/sdl/menu.cpp:542	other	...
src/frontend/sdl/menu.cpp:1112	other	< 
src/frontend/sdl/menu.cpp:131	other	AaAaAaCcCcCcCcDd
src/frontend/sdl/menu.cpp:127	other	DNOOOOOxOUUUUYTs
src/frontend/sdl/menu.cpp:131	other	DdEeEeEeEeEeGgGg
src/frontend/sdl/menu.cpp:131	other	GgGgHhHhIiIiIiIi
src/frontend/sdl/menu.cpp:131	other	IiIiJjKkkLlLlLlL
src/frontend/sdl/menu.cpp:132	other	OoOoRrRrRrSsSsSs
src/frontend/sdl/menu.cpp:573	other	P
src/frontend/sdl/menu.cpp:606	other	P
src/frontend/sdl/menu.cpp:789	other	P
src/frontend/sdl/menu.cpp:132	other	SsTtTtTtUuUuUuUu
src/frontend/sdl/menu.cpp:132	other	UuUuWwYyYZzZzZzs
src/frontend/sdl/menu.cpp:128	other	aaaaaaaceeeeiiii
src/frontend/sdl/menu.cpp:4	other	core/io/io.h
src/frontend/sdl/menu.cpp:128	other	dnooooo/ouuuuyty
src/frontend/sdl/menu.cpp:3	other	frontend/sdl/menu.h
src/frontend/sdl/menu.cpp:132	other	lLlNnNnNnnNnOoOo
src/frontend/sdl/menu.cpp:1218	other	none
src/frontend/sdl/menu.cpp:1254	other	none
src/frontend/sdl/menu.cpp:112	other	Ōkamiden
src/frontend/sdl/menu.cpp:1134	ui	 - 
src/frontend/sdl/menu.cpp:1285	ui	 0123456789.,!?'-&+()/:@
src/frontend/sdl/menu.cpp:1283	ui	 ABCDEFGHIJKLMNOPQRSTUVWXYZ
src/frontend/sdl/menu.cpp:1284	ui	 abcdefghijklmnopqrstuvwxyz
src/frontend/sdl/menu.cpp:1502	ui	%d %s
src/frontend/sdl/menu.cpp:300	ui	(M) must be on
src/frontend/sdl/menu.cpp:605	ui	0P
src/frontend/sdl/menu.cpp:1268	ui	A BIND   Y CLEAR   X DEFAULTS
src/frontend/sdl/menu.cpp:127	ui	AAAAAAACEEEEIIII
src/frontend/sdl/menu.cpp:204	ui	ACHIEVEMENTS
src/frontend/sdl/menu.cpp:755	ui	ACHIEVEMENTS
src/frontend/sdl/menu.cpp:759	ui	ACHIEVEMENTS  %d/%d
src/frontend/sdl/menu.cpp:1127	ui	APPLIED WHEN THE MENU CLOSES
src/frontend/sdl/menu.cpp:1501	ui	AUTO %s
src/frontend/sdl/menu.cpp:1287	ui	CAPITALS
src/frontend/sdl/menu.cpp:202	ui	CHEATS
src/frontend/sdl/menu.cpp:650	ui	CHEATS  %zu ON
src/frontend/sdl/menu.cpp:718	ui	CONFIG FILE
src/frontend/sdl/menu.cpp:1046	ui	CONTROLS
src/frontend/sdl/menu.cpp:1227	ui	CONTROLS  %s
src/frontend/sdl/menu.cpp:1481	ui	DELETE STATE
src/frontend/sdl/menu.cpp:1046	ui	DS OPTIONS
src/frontend/sdl/menu.cpp:1082	ui	DS OPTIONS
src/frontend/sdl/menu.cpp:1500	ui	EMPTY
src/frontend/sdl/menu.cpp:1046	ui	EMULATION
src/frontend/sdl/menu.cpp:1082	ui	EMULATION
src/frontend/sdl/menu.cpp:866	ui	ENCORE (NEXT LAUNCH)
src/frontend/sdl/menu.cpp:712	ui	GAMES  %d
src/frontend/sdl/menu.cpp:1051	ui	GLOBAL
src/frontend/sdl/menu.cpp:1227	ui	KEYBOARD
src/frontend/sdl/menu.cpp:1270	ui	L/R KEYBOARD OR PAD
src/frontend/sdl/menu.cpp:1270	ui	L/R SWAP COLUMN
src/frontend/sdl/menu.cpp:856	ui	LABEL        ON
src/frontend/sdl/menu.cpp:1046	ui	LAYOUT
src/frontend/sdl/menu.cpp:1082	ui	LAYOUT
src/frontend/sdl/menu.cpp:200	ui	LOAD STATE
src/frontend/sdl/menu.cpp:1287	ui	LOWERCASE
src/frontend/sdl/menu.cpp:1481	ui	MENU
src/frontend/sdl/menu.cpp:770	ui	NO ACHIEVEMENTS LOADED
src/frontend/sdl/menu.cpp:656	ui	NO CHEATS FOR THIS GAME
src/frontend/sdl/menu.cpp:718	ui	NO GAMES FOUND -- SET
src/frontend/sdl/menu.cpp:792	ui	NOT SUPPORTED BY THIS EMULATOR YET
src/frontend/sdl/menu.cpp:1287	ui	NUM+SYM
src/frontend/sdl/menu.cpp:911	ui	OFF
src/frontend/sdl/menu.cpp:911	ui	ON
src/frontend/sdl/menu.cpp:203	ui	OPTIONS
src/frontend/sdl/menu.cpp:1068	ui	OPTIONS
src/frontend/sdl/menu.cpp:1068	ui	OPTIONS
src/frontend/sdl/menu.cpp:1269	ui	OR ESCAPE TO CANCEL
src/frontend/sdl/menu.cpp:1227	ui	PAD
src/frontend/sdl/menu.cpp:1481	ui	PAUSED
src/frontend/sdl/menu.cpp:1254	ui	PRESS ANY...
src/frontend/sdl/menu.cpp:1266	ui	PRESS THE CONTROL TO BIND,
src/frontend/sdl/menu.cpp:207	ui	QUIT
src/frontend/sdl/menu.cpp:1320	ui	RA PASSWORD
src/frontend/sdl/menu.cpp:1320	ui	RA USERNAME
src/frontend/sdl/menu.cpp:206	ui	RESET
src/frontend/sdl/menu.cpp:1126	ui	RESTART REQUIRED
src/frontend/sdl/menu.cpp:205	ui	RESUME
src/frontend/sdl/menu.cpp:873	ui	RETROACHIEVEMENTS
src/frontend/sdl/menu.cpp:199	ui	SAVE STATE
src/frontend/sdl/menu.cpp:1051	ui	SAVE TO < %s >
src/frontend/sdl/menu.cpp:1054	ui	SAVE TO < THIS GAME >
src/frontend/sdl/menu.cpp:864	ui	SCREENSHOT ON UNLOCK
src/frontend/sdl/menu.cpp:861	ui	SIGN IN
src/frontend/sdl/menu.cpp:860	ui	SIGN OUT
src/frontend/sdl/menu.cpp:1503	ui	SLOT < %d >%s%s
src/frontend/sdl/menu.cpp:1465	ui	SLOT < 0 >
src/frontend/sdl/menu.cpp:1466	ui	SLOT < 0 >
src/frontend/sdl/menu.cpp:1466	ui	SLOT < 0 > REJECTED
src/frontend/sdl/menu.cpp:1481	ui	STATE SLOT
src/frontend/sdl/menu.cpp:1500	ui	SURE?
src/frontend/sdl/menu.cpp:1051	ui	THIS GAME
src/frontend/sdl/menu.cpp:863	ui	UNLOCK NOTICES
src/frontend/sdl/menu.cpp:1404	ui	UP/DOWN LETTER   L/R TABLE
src/frontend/sdl/menu.cpp:1500	ui	USED
src/frontend/sdl/menu.cpp:862	ui	VIEW ACHIEVEMENTS
src/frontend/sdl/menu.cpp:1046	ui	VISUAL FX
src/frontend/sdl/menu.cpp:1082	ui	VISUAL FX
src/frontend/sdl/menu.cpp:1267	ui	X AGAIN: RESET ALL
src/frontend/sdl/menu.cpp:683	ui	[ ] 
src/frontend/sdl/menu.cpp:718	ui	[PATHS] GAMES IN THE
src/frontend/sdl/menu.cpp:683	ui	[X] 
src/frontend/sdl/menu.cpp:1268	ui	\x02 BIND   \x03 CLEAR   \x04 DEFAULTS
src/frontend/sdl/menu.cpp:1405	ui	\x02 DONE   \x01 CANCEL
src/frontend/sdl/menu.cpp:1484	ui	\x03 DELETE
src/frontend/sdl/menu.cpp:1484	ui	\x03 DONE
src/frontend/sdl/menu.cpp:1267	ui	\x04 AGAIN: RESET ALL
src/frontend/sdl/menu.cpp:379	ui	has the selection moved
src/frontend/sdl/menu.cpp:212	ui	kCheatRow must name the cheats row
src/frontend/sdl/menu.cpp:213	ui	kCheevosRow must name the achievements row
src/frontend/sdl/menu.cpp:210	ui	kOptionsRow must name the options row
src/frontend/sdl/menu.cpp:209	ui	kRootRows must match the table
src/frontend/sdl/menu.cpp:211	ui	kSlotRow must name the slot row
src/frontend/sdl/menu.cpp:1215	ui	no key
src/frontend/sdl/settings.cpp:82	other	%
src/frontend/sdl/settings.cpp:253	other	%
src/frontend/sdl/settings.cpp:203	other	%.2f
src/frontend/sdl/settings.cpp:235	other	--
src/frontend/sdl/settings.cpp:238	other	--
src/frontend/sdl/settings.cpp:27	other	0
src/frontend/sdl/settings.cpp:42	other	0
src/frontend/sdl/settings.cpp:74	other	0
src/frontend/sdl/settings.cpp:85	other	0
src/frontend/sdl/settings.cpp:86	other	0
src/frontend/sdl/settings.cpp:114	other	0
src/frontend/sdl/settings.cpp:137	other	0
src/frontend/sdl/settings.cpp:146	other	0
src/frontend/sdl/settings.cpp:173	other	0
src/frontend/sdl/settings.cpp:149	other	0.25
src/frontend/sdl/settings.cpp:141	other	0.33
src/frontend/sdl/settings.cpp:204	other	0.5
src/frontend/sdl/settings.cpp:204	other	0.50
src/frontend/sdl/settings.cpp:27	other	1
src/frontend/sdl/settings.cpp:31	other	1
src/frontend/sdl/settings.cpp:42	other	1
src/frontend/sdl/settings.cpp:143	other	1
src/frontend/sdl/settings.cpp:175	other	1
src/frontend/sdl/settings.cpp:177	other	1
src/frontend/sdl/settings.cpp:179	other	1
src/frontend/sdl/settings.cpp:193	other	1
src/frontend/sdl/settings.cpp:29	other	10
src/frontend/sdl/settings.cpp:33	other	10
src/frontend/sdl/settings.cpp:80	other	100
src/frontend/sdl/settings.cpp:81	other	100
src/frontend/sdl/settings.cpp:29	other	11
src/frontend/sdl/settings.cpp:33	other	11
src/frontend/sdl/settings.cpp:30	other	12
src/frontend/sdl/settings.cpp:33	other	12
src/frontend/sdl/settings.cpp:19	other	120
src/frontend/sdl/settings.cpp:19	other	120
src/frontend/sdl/settings.cpp:30	other	13
src/frontend/sdl/settings.cpp:30	other	14
src/frontend/sdl/settings.cpp:20	other	144
src/frontend/sdl/settings.cpp:20	other	144
src/frontend/sdl/settings.cpp:30	other	15
src/frontend/sdl/settings.cpp:27	other	2
src/frontend/sdl/settings.cpp:31	other	2
src/frontend/sdl/settings.cpp:42	other	2
src/frontend/sdl/settings.cpp:20	other	240
src/frontend/sdl/settings.cpp:20	other	240
src/frontend/sdl/settings.cpp:27	other	3
src/frontend/sdl/settings.cpp:31	other	3
src/frontend/sdl/settings.cpp:43	other	3
src/frontend/sdl/settings.cpp:87	other	3
src/frontend/sdl/settings.cpp:19	other	30
src/frontend/sdl/settings.cpp:19	other	30
src/frontend/sdl/settings.cpp:28	other	4
src/frontend/sdl/settings.cpp:31	other	4
src/frontend/sdl/settings.cpp:43	other	4
src/frontend/sdl/settings.cpp:28	other	5
src/frontend/sdl/settings.cpp:32	other	5
src/frontend/sdl/settings.cpp:43	other	5
src/frontend/sdl/settings.cpp:28	other	6
src/frontend/sdl/settings.cpp:32	other	6
src/frontend/sdl/settings.cpp:19	other	60
src/frontend/sdl/settings.cpp:19	other	60
src/frontend/sdl/settings.cpp:145	other	60
src/frontend/sdl/settings.cpp:28	other	7
src/frontend/sdl/settings.cpp:32	other	7
src/frontend/sdl/settings.cpp:29	other	8
src/frontend/sdl/settings.cpp:32	other	8
src/frontend/sdl/settings.cpp:29	other	9
src/frontend/sdl/settings.cpp:33	other	9
src/frontend/sdl/settings.cpp:169	other	DSperate
src/frontend/sdl/settings.cpp:86	other	X
src/frontend/sdl/settings.cpp:17	other	adaptive
src/frontend/sdl/settings.cpp:76	other	adaptive
src/frontend/sdl/settings.cpp:91	other	audio.buffer_size
src/frontend/sdl/settings.cpp:19	other	auto
src/frontend/sdl/settings.cpp:36	other	auto
src/frontend/sdl/settings.cpp:78	other	auto
src/frontend/sdl/settings.cpp:91	other	auto
src/frontend/sdl/settings.cpp:93	other	auto
src/frontend/sdl/settings.cpp:120	other	auto
src/frontend/sdl/settings.cpp:121	other	auto
src/frontend/sdl/settings.cpp:138	other	auto
src/frontend/sdl/settings.cpp:147	other	auto
src/frontend/sdl/settings.cpp:148	other	auto
src/frontend/sdl/settings.cpp:47	other	bl
src/frontend/sdl/settings.cpp:22	other	blend
src/frontend/sdl/settings.cpp:22	other	blend_linear
src/frontend/sdl/settings.cpp:25	other	bottom
src/frontend/sdl/settings.cpp:47	other	br
src/frontend/sdl/settings.cpp:139	other	br
src/frontend/sdl/settings.cpp:22	other	dark
src/frontend/sdl/settings.cpp:116	other	dark
src/frontend/sdl/settings.cpp:46	other	dominant_h
src/frontend/sdl/settings.cpp:46	other	dominant_v
src/frontend/sdl/settings.cpp:96	other	emu.autoload
src/frontend/sdl/settings.cpp:94	other	emu.autosave
src/frontend/sdl/settings.cpp:98	other	emu.dsi_hide_installed
src/frontend/sdl/settings.cpp:100	other	emu.dsi_nand_shortcuts
src/frontend/sdl/settings.cpp:87	other	emu.ff_skip
src/frontend/sdl/settings.cpp:85	other	emu.ff_speed
src/frontend/sdl/settings.cpp:74	other	emu.frameskip
src/frontend/sdl/settings.cpp:76	other	emu.frameskip_mode
src/frontend/sdl/settings.cpp:78	other	emu.limiter
src/frontend/sdl/settings.cpp:81	other	emu.speed
src/frontend/sdl/settings.cpp:23	other	extreme
src/frontend/sdl/settings.cpp:16	other	false
src/frontend/sdl/settings.cpp:23	other	false
src/frontend/sdl/settings.cpp:44	other	false
src/frontend/sdl/settings.cpp:94	other	false
src/frontend/sdl/settings.cpp:96	other	false
src/frontend/sdl/settings.cpp:98	other	false
src/frontend/sdl/settings.cpp:100	other	false
src/frontend/sdl/settings.cpp:112	other	false
src/frontend/sdl/settings.cpp:118	other	false
src/frontend/sdl/settings.cpp:122	other	false
src/frontend/sdl/settings.cpp:124	other	false
src/frontend/sdl/settings.cpp:126	other	false
src/frontend/sdl/settings.cpp:128	other	false
src/frontend/sdl/settings.cpp:17	other	fixed
src/frontend/sdl/settings.cpp:3	other	frontend/sdl/settings.h
src/frontend/sdl/settings.cpp:36	other	guest
src/frontend/sdl/settings.cpp:45	other	horizontal
src/frontend/sdl/settings.cpp:36	other	host
src/frontend/sdl/settings.cpp:41	other	host
src/frontend/sdl/settings.cpp:37	other	internet
src/frontend/sdl/settings.cpp:24	other	max
src/frontend/sdl/settings.cpp:23	other	mean
src/frontend/sdl/settings.cpp:24	other	min
src/frontend/sdl/settings.cpp:24	other	mode
src/frontend/sdl/settings.cpp:102	other	net.mode
src/frontend/sdl/settings.cpp:20	other	off
src/frontend/sdl/settings.cpp:21	other	off
src/frontend/sdl/settings.cpp:36	other	off
src/frontend/sdl/settings.cpp:102	other	off
src/frontend/sdl/settings.cpp:110	other	off
src/frontend/sdl/settings.cpp:193	other	on
src/frontend/sdl/settings.cpp:21	other	over
src/frontend/sdl/settings.cpp:46	other	pip
src/frontend/sdl/settings.cpp:45	other	single
src/frontend/sdl/settings.cpp:24	other	tl
src/frontend/sdl/settings.cpp:47	other	tl
src/frontend/sdl/settings.cpp:25	other	top
src/frontend/sdl/settings.cpp:135	other	top
src/frontend/sdl/settings.cpp:47	other	tr
src/frontend/sdl/settings.cpp:16	other	true
src/frontend/sdl/settings.cpp:44	other	true
src/frontend/sdl/settings.cpp:151	other	true
src/frontend/sdl/settings.cpp:153	other	true
src/frontend/sdl/settings.cpp:155	other	true
src/frontend/sdl/settings.cpp:157	other	true
src/frontend/sdl/settings.cpp:159	other	true
src/frontend/sdl/settings.cpp:161	other	true
src/frontend/sdl/settings.cpp:193	other	true
src/frontend/sdl/settings.cpp:21	other	under
src/frontend/sdl/settings.cpp:177	other	user.birthday_day
src/frontend/sdl/settings.cpp:175	other	user.birthday_month
src/frontend/sdl/settings.cpp:173	other	user.colour
src/frontend/sdl/settings.cpp:179	other	user.language
src/frontend/sdl/settings.cpp:171	other	user.message
src/frontend/sdl/settings.cpp:169	other	user.nickname
src/frontend/sdl/settings.cpp:45	other	vertical
src/frontend/sdl/settings.cpp:133	other	vertical
src/frontend/sdl/settings.cpp:122	other	video.aa
src/frontend/sdl/settings.cpp:118	other	video.chunky
src/frontend/sdl/settings.cpp:120	other	video.chunky_cell
src/frontend/sdl/settings.cpp:147	other	video.dominant_ratio
src/frontend/sdl/settings.cpp:149	other	video.dominant_threshold
src/frontend/sdl/settings.cpp:126	other	video.fps
src/frontend/sdl/settings.cpp:128	other	video.fullscreen
src/frontend/sdl/settings.cpp:124	other	video.gpu3d
src/frontend/sdl/settings.cpp:110	other	video.integer_scale
src/frontend/sdl/settings.cpp:133	other	video.layout
src/frontend/sdl/settings.cpp:161	other	video.layout_cycle.dominant_h
src/frontend/sdl/settings.cpp:159	other	video.layout_cycle.dominant_v
src/frontend/sdl/settings.cpp:153	other	video.layout_cycle.horizontal
src/frontend/sdl/settings.cpp:157	other	video.layout_cycle.pip
src/frontend/sdl/settings.cpp:155	other	video.layout_cycle.single
src/frontend/sdl/settings.cpp:151	other	video.layout_cycle.vertical
src/frontend/sdl/settings.cpp:114	other	video.lcd_grid
src/frontend/sdl/settings.cpp:112	other	video.linear
src/frontend/sdl/settings.cpp:143	other	video.pip_alpha
src/frontend/sdl/settings.cpp:139	other	video.pip_corner
src/frontend/sdl/settings.cpp:141	other	video.pip_scale
src/frontend/sdl/settings.cpp:145	other	video.pip_touch_hold
src/frontend/sdl/settings.cpp:135	other	video.screen
src/frontend/sdl/settings.cpp:137	other	video.screen_gap
src/frontend/sdl/settings.cpp:116	other	video.seam
src/frontend/sdl/settings.cpp:104	other	wifi.dns
src/frontend/sdl/settings.cpp:41	other	wiimmfi
src/frontend/sdl/settings.cpp:104	other	wiimmfi
src/frontend/sdl/settings.cpp:193	other	yes
src/frontend/sdl/settings.cpp:93	ui	 MS
src/frontend/sdl/settings.cpp:123	ui	3D EDGES: THE HARDWARE'S BLEND ON THE CPU RASTER, 4X MSAA ON THE GPU RASTER
src/frontend/sdl/settings.cpp:115	ui	A DARK SEAM AROUND EVERY DS PIXEL, LIKE THE ORIGINAL SCREEN
src/frontend/sdl/settings.cpp:17	ui	ADAPTIVE
src/frontend/sdl/settings.cpp:23	ui	ADAPTIVE
src/frontend/sdl/settings.cpp:77	ui	ADAPTIVE SKIPS ONLY WHILE BEHIND REAL TIME
src/frontend/sdl/settings.cpp:122	ui	ANTI-ALIASING
src/frontend/sdl/settings.cpp:31	ui	APRIL
src/frontend/sdl/settings.cpp:86	ui	AT LEAST THIS MANY TIMES REAL TIME WHILE FAST FORWARD IS HELD
src/frontend/sdl/settings.cpp:91	ui	AUDIO BUFFER
src/frontend/sdl/settings.cpp:32	ui	AUGUST
src/frontend/sdl/settings.cpp:36	ui	AUTO
src/frontend/sdl/settings.cpp:93	ui	AUTO
src/frontend/sdl/settings.cpp:121	ui	AUTO
src/frontend/sdl/settings.cpp:138	ui	AUTO
src/frontend/sdl/settings.cpp:148	ui	AUTO
src/frontend/sdl/settings.cpp:96	ui	AUTOLOAD ON START
src/frontend/sdl/settings.cpp:94	ui	AUTOSAVE ON QUIT
src/frontend/sdl/settings.cpp:112	ui	BILINEAR
src/frontend/sdl/settings.cpp:177	ui	BIRTHDAY DAY
src/frontend/sdl/settings.cpp:175	ui	BIRTHDAY MONTH
src/frontend/sdl/settings.cpp:22	ui	BLEND
src/frontend/sdl/settings.cpp:22	ui	BLEND LINEAR
src/frontend/sdl/settings.cpp:29	ui	BLUE
src/frontend/sdl/settings.cpp:25	ui	BOTTOM
src/frontend/sdl/settings.cpp:47	ui	BOTTOM LEFT
src/frontend/sdl/settings.cpp:47	ui	BOTTOM RIGHT
src/frontend/sdl/settings.cpp:27	ui	BROWN
src/frontend/sdl/settings.cpp:118	ui	CHUNKY
src/frontend/sdl/settings.cpp:120	ui	CHUNKY CELL
src/frontend/sdl/settings.cpp:24	ui	COMMON
src/frontend/sdl/settings.cpp:19	ui	CONSOLE (59.8)
src/frontend/sdl/settings.cpp:161	ui	CYCLE DOMINANT H
src/frontend/sdl/settings.cpp:159	ui	CYCLE DOMINANT V
src/frontend/sdl/settings.cpp:153	ui	CYCLE HORIZONTAL
src/frontend/sdl/settings.cpp:157	ui	CYCLE PIP
src/frontend/sdl/settings.cpp:155	ui	CYCLE SINGLE
src/frontend/sdl/settings.cpp:151	ui	CYCLE VERTICAL
src/frontend/sdl/settings.cpp:22	ui	DARK
src/frontend/sdl/settings.cpp:29	ui	DARK BLUE
src/frontend/sdl/settings.cpp:117	ui	DARK DRAWS THE GRID. BLEND SOFTENS ONLY THE STRADDLING PIXEL
src/frontend/sdl/settings.cpp:29	ui	DARK GREEN
src/frontend/sdl/settings.cpp:30	ui	DARK PINK
src/frontend/sdl/settings.cpp:24	ui	DARKEST
src/frontend/sdl/settings.cpp:33	ui	DECEMBER
src/frontend/sdl/settings.cpp:23	ui	DEFAULT
src/frontend/sdl/settings.cpp:104	ui	DNS
src/frontend/sdl/settings.cpp:46	ui	DOMINANT H
src/frontend/sdl/settings.cpp:147	ui	DOMINANT RATIO
src/frontend/sdl/settings.cpp:149	ui	DOMINANT THRESHOLD
src/frontend/sdl/settings.cpp:46	ui	DOMINANT V
src/frontend/sdl/settings.cpp:119	ui	DRAW BLOCKS OF DS PIXELS AS ONE FLAT CELL, FOR PANELS AT ODD SCALES
src/frontend/sdl/settings.cpp:75	ui	DRAW FEWER FRAMES. THE GAME STILL RUNS IN FULL
src/frontend/sdl/settings.cpp:125	ui	DRAW THE 3D LAYER ON THE GPU. NEEDS VULKAN; THE CPU DRAWS IT OTHERWISE
src/frontend/sdl/settings.cpp:99	ui	DSI MENU: HIDE THE NAND DUMP'S OWN TITLES. THE DUMP IS NOT CHANGED
src/frontend/sdl/settings.cpp:100	ui	DSI NAND LINKS
src/frontend/sdl/settings.cpp:42	ui	ENGLISH
src/frontend/sdl/settings.cpp:87	ui	FAST FORWARD SKIP
src/frontend/sdl/settings.cpp:85	ui	FAST FORWARD SPEED
src/frontend/sdl/settings.cpp:173	ui	FAVOURITE COLOUR
src/frontend/sdl/settings.cpp:31	ui	FEBRUARY
src/frontend/sdl/settings.cpp:24	ui	FIRST
src/frontend/sdl/settings.cpp:17	ui	FIXED
src/frontend/sdl/settings.cpp:126	ui	FPS COUNTER
src/frontend/sdl/settings.cpp:78	ui	FRAME LIMITER
src/frontend/sdl/settings.cpp:127	ui	FRAMES PER SECOND IN THE CORNER OF THE SCREEN
src/frontend/sdl/settings.cpp:146	ui	FRAMES THE SMALL SCREEN STAYS SOLID AFTER IT IS TOUCHED
src/frontend/sdl/settings.cpp:74	ui	FRAMESKIP
src/frontend/sdl/settings.cpp:76	ui	FRAMESKIP MODE
src/frontend/sdl/settings.cpp:42	ui	FRENCH
src/frontend/sdl/settings.cpp:128	ui	FULLSCREEN
src/frontend/sdl/settings.cpp:101	ui	GAME LIST ENTRIES THAT START THE NAND'S DSIWARE WITHOUT THE DSI MENU
src/frontend/sdl/settings.cpp:81	ui	GAME SPEED
src/frontend/sdl/settings.cpp:176	ui	GAMES THAT WISH YOU A HAPPY BIRTHDAY USE THIS
src/frontend/sdl/settings.cpp:43	ui	GERMAN
src/frontend/sdl/settings.cpp:124	ui	GPU 3D
src/frontend/sdl/settings.cpp:28	ui	GREEN
src/frontend/sdl/settings.cpp:27	ui	GREY
src/frontend/sdl/settings.cpp:36	ui	GUEST
src/frontend/sdl/settings.cpp:98	ui	HIDE NAND DSIWARE
src/frontend/sdl/settings.cpp:45	ui	HORIZONTAL
src/frontend/sdl/settings.cpp:36	ui	HOST
src/frontend/sdl/settings.cpp:41	ui	HOST
src/frontend/sdl/settings.cpp:142	ui	HOW BIG THE SMALL SCREEN IS AGAINST THE LARGE ONE
src/frontend/sdl/settings.cpp:82	ui	HOW FAST THE GAME RUNS AGAINST THE LIMITER
src/frontend/sdl/settings.cpp:144	ui	HOW SOLID THE SMALL SCREEN IS AT REST
src/frontend/sdl/settings.cpp:134	ui	HOW THE TWO SCREENS SHARE THE WINDOW
src/frontend/sdl/settings.cpp:110	ui	INTEGER SCALE
src/frontend/sdl/settings.cpp:37	ui	INTERNET
src/frontend/sdl/settings.cpp:43	ui	ITALIAN
src/frontend/sdl/settings.cpp:31	ui	JANUARY
src/frontend/sdl/settings.cpp:42	ui	JAPANESE
src/frontend/sdl/settings.cpp:32	ui	JULY
src/frontend/sdl/settings.cpp:32	ui	JUNE
src/frontend/sdl/settings.cpp:179	ui	LANGUAGE
src/frontend/sdl/settings.cpp:133	ui	LAYOUT
src/frontend/sdl/settings.cpp:114	ui	LCD GRID
src/frontend/sdl/settings.cpp:24	ui	LIGHTEST
src/frontend/sdl/settings.cpp:28	ui	LIME
src/frontend/sdl/settings.cpp:103	ui	LOCAL WIRELESS, OR INTERNET. AUTO JOINS A SESSION, ELSE HOSTS ONE
src/frontend/sdl/settings.cpp:30	ui	MAGENTA
src/frontend/sdl/settings.cpp:135	ui	MAIN SCREEN
src/frontend/sdl/settings.cpp:31	ui	MARCH
src/frontend/sdl/settings.cpp:32	ui	MAY
src/frontend/sdl/settings.cpp:171	ui	MESSAGE
src/frontend/sdl/settings.cpp:102	ui	NETWORK FEATURES
src/frontend/sdl/settings.cpp:146	ui	NEVER FADE
src/frontend/sdl/settings.cpp:169	ui	NICKNAME
src/frontend/sdl/settings.cpp:178	ui	NOT CHECKED AGAINST THE MONTH, AS THE CONSOLE DOES NOT EITHER
src/frontend/sdl/settings.cpp:33	ui	NOVEMBER
src/frontend/sdl/settings.cpp:33	ui	OCTOBER
src/frontend/sdl/settings.cpp:16	ui	OFF
src/frontend/sdl/settings.cpp:21	ui	OFF
src/frontend/sdl/settings.cpp:23	ui	OFF
src/frontend/sdl/settings.cpp:36	ui	OFF
src/frontend/sdl/settings.cpp:16	ui	ON
src/frontend/sdl/settings.cpp:28	ui	ORANGE
src/frontend/sdl/settings.cpp:21	ui	OVER
src/frontend/sdl/settings.cpp:138	ui	PANEL PIXELS BETWEEN THE TWO SCREENS WHEN THEY ARE STACKED OR SIDE BY SIDE. AUTO PUSHES THEM TO THE EDGES
src/frontend/sdl/settings.cpp:121	ui	PANEL PIXELS PER CELL
src/frontend/sdl/settings.cpp:27	ui	PINK
src/frontend/sdl/settings.cpp:46	ui	PIP
src/frontend/sdl/settings.cpp:139	ui	PIP CORNER
src/frontend/sdl/settings.cpp:143	ui	PIP OPACITY
src/frontend/sdl/settings.cpp:141	ui	PIP SIZE
src/frontend/sdl/settings.cpp:145	ui	PIP TOUCH HOLD
src/frontend/sdl/settings.cpp:30	ui	PURPLE
src/frontend/sdl/settings.cpp:27	ui	RED
src/frontend/sdl/settings.cpp:95	ui	SAVE A STATE WHEN THE EMULATOR EXITS, TO RESUME FROM
src/frontend/sdl/settings.cpp:137	ui	SCREEN GAP
src/frontend/sdl/settings.cpp:116	ui	SEAM
src/frontend/sdl/settings.cpp:33	ui	SEPTEMBER
src/frontend/sdl/settings.cpp:45	ui	SINGLE
src/frontend/sdl/settings.cpp:113	ui	SMOOTH SCALING. OVERRIDES THE GRID, SEAMS AND CHUNKY
src/frontend/sdl/settings.cpp:174	ui	SOME GAMES COLOUR THEMSELVES WITH IT
src/frontend/sdl/settings.cpp:92	ui	SOUND HELD AHEAD. LOWER IS LESS DELAY, LESS SLACK BEFORE A LATE FRAME IS HEARD
src/frontend/sdl/settings.cpp:43	ui	SPANISH
src/frontend/sdl/settings.cpp:172	ui	THE GREETING THE DS MENU SHOWS
src/frontend/sdl/settings.cpp:180	ui	THE LANGUAGE MULTI-LANGUAGE GAMES START IN
src/frontend/sdl/settings.cpp:152	ui	THE LAYOUT HOTKEYS STEP THROUGH THE TICKED LAYOUTS
src/frontend/sdl/settings.cpp:154	ui	THE LAYOUT HOTKEYS STEP THROUGH THE TICKED LAYOUTS
src/frontend/sdl/settings.cpp:156	ui	THE LAYOUT HOTKEYS STEP THROUGH THE TICKED LAYOUTS
src/frontend/sdl/settings.cpp:158	ui	THE LAYOUT HOTKEYS STEP THROUGH THE TICKED LAYOUTS
src/frontend/sdl/settings.cpp:160	ui	THE LAYOUT HOTKEYS STEP THROUGH THE TICKED LAYOUTS
src/frontend/sdl/settings.cpp:162	ui	THE LAYOUT HOTKEYS STEP THROUGH THE TICKED LAYOUTS. ONE ALWAYS STAYS
src/frontend/sdl/settings.cpp:79	ui	THE RATE THE GAME IS HELD TO. CONSOLE IS THE ONE THE GAME WAS WRITTEN FOR
src/frontend/sdl/settings.cpp:136	ui	THE SCREEN SHOWN ALONE, LARGE OR FIRST
src/frontend/sdl/settings.cpp:148	ui	THE SMALLER SCREEN'S SIZE. AUTO FITS WHOLE PIXELS
src/frontend/sdl/settings.cpp:150	ui	THE SMALLEST SECONDARY AUTO WILL ACCEPT
src/frontend/sdl/settings.cpp:25	ui	TOP
src/frontend/sdl/settings.cpp:47	ui	TOP LEFT
src/frontend/sdl/settings.cpp:47	ui	TOP RIGHT
src/frontend/sdl/settings.cpp:29	ui	TURQUOISE
src/frontend/sdl/settings.cpp:21	ui	UNDER
src/frontend/sdl/settings.cpp:20	ui	UNLIMITED
src/frontend/sdl/settings.cpp:86	ui	UNLIMITED
src/frontend/sdl/settings.cpp:45	ui	VERTICAL
src/frontend/sdl/settings.cpp:30	ui	VIOLET
src/frontend/sdl/settings.cpp:170	ui	WHAT GAMES CALL YOU
src/frontend/sdl/settings.cpp:97	ui	WHEN A GAME STARTS, RESUME FROM ITS AUTOSAVED STATE IF THERE IS ONE
src/frontend/sdl/settings.cpp:105	ui	WHERE THE GAME LOOKS UP ITS SERVERS. NINTENDO'S ARE GONE; WIIMMFI REPLACES THEM
src/frontend/sdl/settings.cpp:140	ui	WHERE THE SMALL SCREEN SITS
src/frontend/sdl/settings.cpp:88	ui	WHILE FAST FORWARDING, SHOW ONE FRAME IN THIS MANY PLUS ONE
src/frontend/sdl/settings.cpp:111	ui	WHOLE PANEL PIXELS PER DS PIXEL. UNDER LETTERBOXES, OVER CROPS
src/frontend/sdl/settings.cpp:41	ui	WIIMMFI
src/frontend/sdl/settings.cpp:28	ui	YELLOW
src/frontend/sdl/settings.cpp:44	ui	[ ]
src/frontend/sdl/settings.cpp:44	ui	[X]
